original	user_id
AFSKPY37N3C43SOI5IEXEK5JSIYA	0
AHATA6X6MYTC3VNBFJ3WIYVK257A	1
AHV6QCNBJNSGLATP56JAWJ3C4G2A	2
AFJBKPK5W56XWSNPQU2WW66ISWYQ	3
AFXF3EGQTQDXMRLDWFU7UBFQZB7Q	4
AGLQQCIS5V6EGUCS5SSNHWZHQM6Q	5
AFWVN52MRBWOTIK7UGXBWGOY4HBA	6
AFQQQ5LGNSQUEBGDCYBAZZE5T3DA	7
AFTLUVGQWKW6XSQ5TB6UER5Q263A	8
AGAM2CCKV52HI4YZU7ASZTSXA7YQ	9
AGMZO7NPGHYPLCOCLMQEDGKNCHVA	10
AFGDRVPCP742YM5MMLFIKZCGNNRQ	11
AFUSWNVA72MMWHGYWJ652SYX2JJQ	12
AHPOHKN4PU4W3V5PGFL7AGTAD2AA	13
AF2BLE54TEMGZ546U763ZHZRXC4A	14
AFAAITODQWTP5HUV2E7QDRXRHERA	15
AFHPJTBQYQHQXIFBAODXDAIGCGMQ	16
AGZMKHWSCB3UXDGFUPFRZSL4EAWQ	17
AF453YWNMOPDI5XRRVQOIF56NM4Q	18
AE7YYSYFEWAYIUCAK4W33CHPP4JQ	19
AGVXN42IKSKKBNVFGKCMKIZEBNSQ	20
AE3X7PNUWXQU6FZQLQGIA6ZT45QA	21
AGZZXSMMS4WRHHJRBUJZI4FZDHKQ	22
AGD25H7BIT2JUXSIOPYCYB23J3ZQ	23
AEXGISIVX7WBUNI7UHHERVB3DF7Q	24
AFTQN4MTJHHVFM4FEXY5KT76OY4A	25
AG5FGCIM6PBJX3JNDRKQMITZTIMA	26
AEZP6Z2C5AVQDZAJECQYZWQRNG3Q	27
AFO4JFVHP2IUNIAM3R2HWEHDEUJA	28
AGTW6ZGPUAORQ7X6CNBP6PJW7OTA	29
AEGYU6OM2X66SMZN6AF3TSQ3N5PQ	30
AHALZ7AKVAVL7QEVBCI55JVLGXOQ	31
AHTLWVDXSMG5YMVMEIWWOU6XBZMA	32
AHMG3ALUBE3FEBHODTBHP5J24YDA	33
AFLBMDZDIPCHMWWA7CXQXITPBJKA	34
AHBXZHG7DTKJCR5NLY73MPGTYCLA	35
AEEHSGIEOXLHDMNDUYGX4R4W5TZA	36
AHEZKYETH4DLYBFQNVQ6VFDGJGGQ	37
AGWDYYVVWM3DC3CASUZKXK67G6IA	38
AGYRMITUSD6IEQMJDPHYMA7CJI2Q	39
AG73BVBKUOH22USSFJA5ZWL7AKXA	40
AH7LDXK3GT67FZKMRW7MP477DJVQ	41
AGCSHYPXXTY5BUYD2JAVVJWVFX3Q	42
AE3KLVXGZPANXE5XLXYKHTVAZ3FQ	43
AHE5RLELYXWSMUVORWWJI47PWU3A	44
AETWQ4GYGV4QRMTMWGBIDVASBKHA	45
AENH6LSB6BM7XLPEYUL43WBOD6JA	46
AHSUP5RSGRWZPUEIXS3TYSDMAX5A	47
AGUGXIJLHKXL2JQWVQ32CCXDBYFA	48
AE6AUO3Z6Q5N5VK2JDWGZEGFW4GA	49
AGU7PO73VGUO6TWDTPEEAP7JGC5Q	50
AEHMQSTB6ESWFAT4AHROTV6M7VWA	51
AH6JLX5SJSUOJBBT6RRE2RDXIG6A	52
AGHETJ7PN7P2EEPPQZHFVHGV7TAA	53
AF2YKZQRMRGJ655I3MKQUYFGRQGA	54
AHWCZ47A7FIYEJ7KEJG3BO3F5YXQ	55
AF4P6A3SEKS2HCISWAKFZVIFM7NQ	56
AECQQBG6YRYCOJL2NCB2H3V6LD6Q	57
AFVV7CLXY43P3Z3F7SROBZATZVSQ	58
AEXYLV5YOYWSLGG47VVECVURA7XQ	59
AEF4QCBYMXQN3RDFNM4ZXM67UTJA	60
AEAXAJACFMXIAAH4WOHRMXPSZWFA	61
AFZDKJMOCGD5KJ2TXWOZB5OAJO5A	62
AHPR3DAGWZHHNZW2LBMTXU3PLSLQ	63
AFPF2CONJ33FNFKOEQ2TUNWQJTFQ	64
AH5HSMUMRJRDWBPFDQ6G3EAAOSFQ	65
AHT6AM6BNIZUHFJB5V2M6XM72G7Q	66
AG644AQBRT56BVFDCJMISCNTSRMA	67
AEMRAZPNN2NBBUDV4YGGYMGPFC6A	68
AFPFSWOQKMB23WJPUFIMHEH46BCA	69
AGDJ4U4GGIQ6AJLIBE6RSDPL2VYA	70
AH2LTMRG3MQNGRZYPPCOJF4KPS3A	71
AF6SM2ESLD534XWS7P6PFSL257CA	72
AH665SQ6SQF6DXAGYIQFCX76LALA	73
AFIJLAW3HIOMRUFSWNH54IJ3XQAA	74
AH3BXW7KLIS2VAE56UXJS2NS7I5A	75
AEPEDW5FBBJ2XYR2BIJAKUPHCMHA	76
AGE522R3Q7EE2UQ5VLYH4CT4VBBQ	77
AF3RENOGZJOCO24HPO75EEIF4EHQ	78
AES3YWD3ONJOUDRWFIV2ZO44QDAQ	79
AHGFIRWU4EC5DTEE3D4BJHOA6GLA	80
AFIIHGFEQSEL7QUGWG3BR5FWY5OQ	81
AGQFUBXP54N5SB54U5LRPL62B2NQ	82
AFMY5CEPFKJXLHTMOJSYC4XABXOQ	83
AH3I4WHEPBDECWMA4RI2SSXM7PEA	84
AGLFVPOJOSOUTRFBVIHMXEQW47QA	85
AECLZPHQ72FZTCG2MWNAZIJXCRZQ	86
AELHYMCYVS6T35HA3UH5UGFWTK6Q	87
AG63W2BMC4HRP76AMS36AYY64AHA	88
AEO7XXGLQE7IJOJZ2CQ6NXEHGFKQ	89
AFRC4WUGDVZMUHA7SZYESPFJEXYQ	90
AEYVPPWR4CIKWX4BGYKCBCDL2CZQ	91
AGAV7IY4HWGYRUIAGUZRXYUJ22DA	92
AGYVC7KVHP2AWM7BDCEYNHFA6F3Q	93
AH4Z47YBJ7FV42RHZBLKLGHH35CA	94
AG375WAXLZ7PIOQKIQ6KQB4J3JVQ	95
AEVEXKKEIOEM5OH3XGSVMUR3VGBQ	96
AGF3GTGWVWB7QONIOHQMYOVQFAJA	97
AHSL6SPJ3F6JQU4TG2UFMHVVQCKA	98
AFBR5VDMITJI24U5KZRYEPET3TJQ	99
AGBG3KK74IKWJNQVMQAGVBWJ7FAQ	100
AHX2B4DEER2QR3IU3CCNB3CWC6TA	101
AFDCRSWD5SXZ7YXKIKZ5LHUUT5NA	102
AEWSBI63F74S3HF67N6BUCRNLAWQ	103
AGRC3JDXRCSSQ6TOMEB66Y5ORIYA	104
AEVVEYZF4MQDPC2BY2HBBNGZRYHA	105
AG4TRGDHYIBT4CH63VJYM5IOAMTQ	106
AGSTQ3JDGW2TZB5XKBF7PD2DJOKQ	107
AE6U2ZCGCBRDU3TT3PVH44ITRLOA	108
AGFW46RRKAK63GZ73CPNHBIOFVZA	109
AHM7MDI5OML7SAQMQXH4MLROIESA	110
AGXHFUENM3G65MN4BGET2DNU4IAQ	111
AG4ARTYMP2Q7FF6A2ECB4WMK67WA	112
AGSM75HHGVYI263VKMFQMK6GJQ7A	113
AEVFWS7JFEKHYDZKH4SI5YDSNGJQ	114
AGVIH2XXBIIZDXDEQJCUCY42JOOA	115
AENQC6O3X4BUEQWSDTBUN2VMM5VQ	116
AHHQMVOQSY4WOIU5AWA5AEAQPJ6Q	117
AEIIRIHLIYKQGI7ZOCIJTRDF5NPQ	118
AET76WSAMU5NAFN6XTEBGJGDXD3A	119
AG3HKK7MIKRQ7DOTNDOE63X2WJGQ	120
AEQNDBJ3OOX7N2DN7W5XD4MBKYDQ	121
AHJN3LORJZKUM7QD5BDX7G7RCGBQ	122
AECOPBDL3PHOESNB2RXKPZSXGBOA	123
AFMYD2O2LVQ5HWBCF54SM445F6MA	124
AE6J77LJBLTGMPPCT4VE2A5RCPPA	125
AF4GP5WPELTCPPFVG4PR6WNOHJZQ	126
AHKIVKDCFH4664NSTVHOGPV6XSLA	127
AFSBQJZ5KY4MZFLGF5EBPDS5DK2A	128
AGLGCQJ6R7DK2HOZRYGHMQ7D6BTA	129
AHJT4BJYS66VZYMT3525LKO25CPA	130
AGJWAZESYDYURVDSAMHKVAM2IBWQ	131
AGUTZC4GHLTGYHA3KBEDRF6MHB6A	132
AGDYFDP4Q23S6M3U2W3QS5KBDROQ	133
AFEYHZ6ZZCDYHVCZKIEDM2HZTVSA	134
AFKX24ALWAPX366KX6DWTOBWLQAA	135
AH7ZHIIHLTW6SQQXSG4EHYYWTAAQ	136
AF2LFSDT2SHRD2WEEC3O2ZWIWYEQ	137
AEGKJTQWHGBIOTO34OB3GKIGCN7A	138
AHX325QNRR25RGJG44MKHYCMTA7Q	139
AFNRGRORFAGSB7WGANETBDDYDEAQ	140
AEUAQ6BAUEBP2C754LR3ILYHP54Q	141
AEVZYRKVSCJJDVT7HBS2SZOAXCYQ	142
AGEAJ3SCOEQVBB6CZ2L3VOSZNR6Q	143
AHBDPVXHGNIRMIGLCRCABCOLFJTA	144
AFEP23NFXJI3T44Q4XC55NT6COAQ	145
AFAVAUPHJ4CFL75JGCGY6H7XK6PQ	146
AFBPFFREUGYC37JA6VVIAO4R4ZJQ	147
AFMTB6XAI3YBCJVTOGKOFJU3LUOQ	148
AHJS7PJKJ6VISWXRYDK2U4U5KSNQ	149
AFA367Z5MOI5XVW7IAQJS7OGXKMA	150
AH3Z5ZKHHS6PXPAX4ZXUGVTT7S2A	151
AEI77FRGYVNL3P7GNBBK76XHCU5A	152
AEEO2GFWCO2IC2JWUDY6HFJ6XO3A	153
AH5DZ3X7JLNNTZU6QNP72JXJ5NQQ	154
AFUKCEULW4KYMWRQCVGI6K3WTVUA	155
AFATNFWGYVVMEZWGDNLDUXRBRFLQ	156
AF7XNTURXVPO55T5EP4B4DVPQPPQ	157
AEHLKY7Q5O3D3E6YEV67JIBVFNFA	158
AEGZUGS74AIXKND3LQEAZAS4NVNA	159
AHNVZ5XVQJF6HHKVKUN44DXVI5BQ	160
AH5ONINJRNZ674DXUMV4RMYIFYVQ	161
AG4APLODR5CG5TCC5NVIICMQRHNQ	162
AGLRQEFOOW62SLZD3U5UTJIFRKSQ	163
AGT5MCGUEPS76JCKY7FD7ZZWRNTQ	164
AFLW4QVB6RU6ATQT43KZCDBVZYEA	165
AEETKAAQQXZE4H6J4GJMDOU5XQKQ	166
AH6Z2YQWTP6LAMLX7VN2IXJKNVAQ	167
AG7JCEMC64AM7JPATDVGP6YZOTXA	168
AH2DN3Q2OKAW7JAFRIYPHOUOM2ZQ	169
AGSVNZDZNPCMXG5DEFXMZNRH2LCQ	170
AHCOOS4PEYHYLNIZ4NOXDKIGOLCA	171
AHTB4ALPIUTLV6QUPF3MEPRLESJA	172
AEYZ4OQR4ZXFL4EMBZDIZ4EX7FFA	173
AEZY3WQ5CO4DOXRNJOWWXJYKCAXQ	174
AGCPEDYIF2QXKNLBIOOEKEHJ5V2A	175
AGO2N635I4RNMKT5SM7XONDVKVDA	176
AHGQDSOBAIVAAKJFIVEGS344MSXA	177
AEGEF2JC2Z36MA3YIL7FX7EQZAWQ	178
AGEAQPHMODYADQ7BWMHM72WWBQXQ	179
AGRLJGF5KMISTAWBFWFOPZDFRV2Q	180
AEHWKRPNWNMOAJSMO2F6O7RFRTNA	181
AG7WXYJR3N3IOL7NX6QUZJUPBVDA	182
AE3PLZHW6NXWBMZ76TDVFQG2MJFA	183
AEP4KJDGBH6XPJKFEHPYSAPUNDBQ	184
AH5PGJYVXBFVRXAFSTA7AEH4EXRQ	185
AGFVNGZJ4XEFX2ULJNDCWJYRHQVA	186
AF3SRSVEGKHPRSWJ5G4GDUILTOYA	187
AGIA3ZNA7OJDRHNPWVATX5FDCEHQ	188
AFZGS7XLGLJFUSUWNX4XA6SGEZQA	189
AGRO3UTLKTF724ZW64QXGWXJ4SYA	190
AEID4BJMMM6LCEUTIHBUM5H4E3BQ	191
AHXNCEINHHLAW5HEL6QUU2BCNE2A	192
AE647AXNLY7Z2QEWUPYUPY7UO6WQ	193
AGVKJE5Q46NIUCNFPOZUDSORSQYA	194
AHQVITMIN26TSMAICIYRSRAKEQIA	195
AETEEKM7PARPRYDBP4JIH6LIRHJA	196
AE6TDCUOKCSCRL5ZHWKEL7QHOA3A	197
AE4JPPM4YPZ4EONHBXME6VWPVS2Q	198
AHBDULN72O53ZQV5CE525Q6BEX7A	199
AELRWE7QQJRKDFHDQHVAODTF5FRA	200
AFQIGJSPK6TJGSKTY4GTGMG2MYQA	201
AHCR53CDYDQAS6C5TZXQWB4PWTCQ	202
AHOEMNCGNZJMIS5RHBTTKMDDQU3A	203
AEKWD5653VPVL7PHTDABCF5V7JCQ	204
AHFZH4JCTRS6353ZEODHPEZD37UA	205
AGHZXWAAXNBYFKFN4XAE2OF56QCQ	206
AFN6RQAVUB7FV3C7IYGDHQW3BZPQ	207
AEGWUKP4FG5GISCFLDOSG5W2KMWA	208
AE644JVRCJETRVH5MHJ55NHVPOFQ	209
AE53545QTFI7RPWHC2BSGOAD3NYA	210
AEC7PELQ65SN7C7R3JBLZMLWOBXQ	211
AGPJPNJZXFMMDEY7QWPAVMC3HCLA	212
AFQOTCWHOUNSIKPQ4P74PPGXOMEA	213
AFLWPONTDY5SAMCO5RLFXGBVBRDA	214
AGKIZK7VO54LETJW6TM4WZ6V25JQ	215
AE2RWATLMMUSX7TMKKCP2DYHDCWQ	216
AGPDCVQUDYJ5D723VHKI7FGKD7AQ	217
AGFXY5HVXFJFJ2SJDGZL5YLGR6RA	218
AEFMCBLYNEBUKFSKBXOBRV7QFRLA	219
AGYVWNRNQBFZCJ5DCLXPA6VJOQJA	220
AGZRU4HKFVXACZO4AOGCFGD5XTMA	221
AEQJM4TTCTH6MTHXAUQHIZ4JZZHA	222
AGQ3ZCKOJLXGII75JNESX6SWJOMQ	223
AHYBURPPFSJHXFTYTCDQIGQWYBNQ	224
AGLUUA4POWDJN53YKG3EJ2FRVORA	225
AHUH7ZEI5XGSSKONPZS3QCQMWCTA	226
AE36JXY5V7OIPWMB6RBU2STT6FNQ	227
AG2SNKNESKXOXYAYVQETH7RB5VDA	228
AHTVWPRYBCZFG7SJUZTTN6BTFK7Q	229
AGLGWHP7JIJYICRQPIFWRRAGCQQQ	230
AHNSZCP3JIOZZVYXFJRGQEKRSTFA	231
AGN5R4K2X2CIV3WBSWHNDRUWTWQA	232
AGZNQYNYTWLN3EOYZWCG6ZP35I6Q	233
AGFBEZSOTMPM4M4CHRW3QPDAHJUQ	234
AGCV6N4LVTEQVYSE3LXR3J2QB3EA	235
AHPHTQASQLI4Q67H4DG63IH3EW4Q	236
AFS6TGPAWDM2GKIYM5N6VH6VTEKA	237
AGLLAOO4MTOC5RG6EIUCOSK4XXXA	238
AH3D2AFXD6K2LDRCCTC6GCIXTSAQ	239
AFDOMKOLLKBF4SWKTPC5JFDT4BHA	240
AEPKAGO2WGVI55RQAVNBXKGJ2BOQ	241
AHCHPXREMSRB5EDMVQHQVCBMQQNA	242
AF5IQSGLYMWLW4KH2V7VTUZLHUOA	243
AFNFY66UEQOZQG5NAIL3U7G4RVWA	244
AH3LCIJ2GDAFIYB7FCHW2BW5F6KA	245
AFDGZOROW6QIY6VNQHTSSF3G6RGA	246
AFGYWYSAB6Z5FTHVAMNKNGK4RFUQ	247
AE3AHOMNAUCHRF56YVRJVB5K2BVQ	248
AFKP5EQS2VAMLT5TYGHDOGQPGKMA	249
AEZDX4V5WSCIS2NEZTFXHNOPI4GQ	250
AGXNFYNKOGTJDQVYT5EILKGDSPVA	251
AFLI33M7ADMQ2B3DSIJLODWUHTAA	252
AGNTJQ2C66IPH76GICZOP4DYBA3Q	253
AGX5LJOHT6J2LNTZ7TEBIHI6BQ7Q	254
AFAIVOIQSB63NNUQIMDZGFBOQ3ZA	255
AG2EDYAYS462TLBNMXFKDFEOZWBQ	256
AFFVAEVXTKEZZ6RAOEXCLWSB4ABQ	257
AEGTJSI4X2EZHAL5VWJV3RCJIO4A	258
AGPJIILGSLMZLC53Q52HRBMINIJQ	259
AFQYXBBABARRUEJZSQDCZ2RMQJHA	260
AFLVVTFADKJZMO6RLLLXE4DG444Q	261
AEBCAICMY637MVALA4VXQLJWMTIQ	262
AF42GZYNXFRYV5IV5JOPX5RDPHBQ	263
AF3CFP5L7AMGU34I5LMB6SLAASUQ	264
AHLPCHV6IJRPW3RRSRV5DZ7B7KBQ	265
AHRERECZ4GKHHBQDBRQLVITBYHXQ	266
AFJ5I6C2SEW3FD4NZIJNKIUNGGDQ	267
AHS34XOPVTHA7BVZET3PQKXSYXZA	268
AGGTK5GYGAG2OW5CRP5TUWE2LQZQ	269
AGWJ6THRBN2L7LOFRGT5VEBRM3OA	270
AFT2BVRF3DTOTOJWL54LW3ULXVJQ	271
AHBWAVRW22FT4GAN2VTWYNAEQFHQ	272
AHLO26TZWEE3TRWEDIKW5V6THMDQ	273
AGBIHIQ4DOTOWBLVGLF6C4LV3WAA	274
AEFTN6QPHEOW5RSFLBQBI2NJ4CQQ	275
AEH7RAIDBU7QALXTMWAA73PTL4JA	276
AGZYMSCZZ5SPWHX5AVWTP64TY7AA	277
AHX2TSTU4JGBVSDURFMTBFVMO26A	278
AG5VMU4VFC4EAT5K4RTG2OPCL4QA	279
AHH7DYW535JNEGASCET44RLTKG7A	280
AHMN5TNLYDHXZ5PLQBOPM7OH5SMA	281
AEXTOYGUTCBHZVBFXH5RUPHGFR3A	282
AECTRGMRKOGAYIV3YXX73CQEQCSQ	283
AETAGDPMO4CFZBXNG7W25DJTRUOQ	284
AFGCJIO7DNVCCZPG4KVMKKXVPJLQ	285
AFJQW6LKQZQMT6IIEOO34ETFWENA	286
AHL5NDZ4IEYIQJVI2PZ66LORSVHQ	287
AGF6TCJ5DIUYHXKWWLFKAY2HUIXQ	288
AG773IIH5JWYUNOQQVNEXQGDRN4Q	289
AGHI3LCWC5DN2CQ23F4OHFCCO5EQ	290
AHIR624R5E4K5OE6A3IDPSY6PBYQ	291
AGWYJEYB33GHI55JUFNJHBNPZO4A	292
AEJRI5ZJEGJYK2YM6E3RQRTFBCXA	293
AETD4B3NZCZICXNC7LY7UZ5RUWFQ	294
AGWREBKBTZNMXZ6RJHZB3KVPKBWA	295
AEEFTR5DV4YXP25FY7Z5M7JCQEUQ	296
AHPLPRJ3TSSTQZHCL7EHS4MTFTBQ	297
AF4YK6ETKIRQ36LYVR4YY3ZS4ANQ	298
AHR4X2QIPJX42NRSHZH4BGOFGPXA	299
AEPS33MI7LANKDAHRYF2MRKNYTIQ	300
AGNMJIU3VXBRQMQG6JJQYPQBI2ZQ	301
AGNUU44ETNXLBOUB53LJGFJP3SQA	302
AGWF6BTLJVQQ2N2R5PKNJOLY65GQ	303
AHHWCYE6JF6MMRDKHOGRTNAUOMPA	304
AEIAN2ADF7B66KUZWHIY3ZMOSEJA	305
AEX33RHZ2DMU7YY35PKJL63NSYKQ	306
AGADKXWLAJJ4FGWIDIWAPJL5A6HA	307
AH5VWWUH27OPSTF3QV2K274I7QTQ	308
AFAAY32MQYRA56IVSVNSCDLNE62A	309
AEHOFUNZP6VT74RUDDCJ2VVIT56A	310
AFU7CN6RDH76FTFRTTHO257YVRVQ	311
AHCSOINU2KOXVBOAXKZHGSXZAEFA	312
AFYNT5QHZOSA7ZZY4IAAOQPU6O6A	313
AEO3Q7XPILWJPQSWIRP2PWZIAINA	314
AHSS3YMNKYS3YHXSAK5NEYAJ4RIA	315
AH7PRMN45IYESU45XN42RPMXJHUQ	316
AFL2ZDLKD6WRY5AG35RAWWKQTJFA	317
AE55NQRWURHFSVJRYDRLZQIL4RDA	318
AGNQL6FMTLYTY2NL56UXWTWJK3HA	319
AG4SQTSKGQCYNTPLEFBC4HZNCRYA	320
AEACWXABXEPPRWW2WZB3FUX3TFAA	321
AFZKLDI7Y66JA5RLIXMAUG7LAQZQ	322
AEYIKRKZMDBU4IWBBF2WZ7QJWIMQ	323
AE5MYIUHLA3BAMM2MFJXJQN6UPRQ	324
AGS2DBJGUNUWPY7K4JQKAWKOGGHQ	325
AFWTG5KZEI542BTLSOT3I7SGFMFA	326
AHPG65LKS3QKRWDUWAKZNLEK5RZQ	327
AH6M3JVGK34YJF3Z2H454ZPK2FLQ	328
AH73LGNWFZB4OHBRTSNUIFYJDWEA	329
AHLOX55DA2FJGDTQER3XWNDRKMKQ	330
AE6V66UD3IBD2B6IIDI5PBYFFYHQ	331
AEWQFVGDFTCCTFJTQ3YMIYCV7B3Q	332
AGRKJRPX6I5DQPODOC4YJ7CT4XWA	333
AH4BLPAKEFGKIUBPSGQOIABK2QGQ	334
AHSEGNS77TLPYIWMD7JKHV4VPTBA	335
AH5DFYUNDHZLWG7YL4M6LIXUUFMQ	336
AGAWANJGBXPCISKGNOBJUF6PCDIQ	337
AH6IED5LAS4JSYJ7K6UAXGQJD4XA	338
AE3LUVAAITFJIUTWBMRPHDQOCOFQ	339
AGDGMVZWUNYWPITBB5WVEHK5ARIQ	340
AGZEKDYOSDMWDOPONKP4G6TCCCVA	341
AEDRFBA64VH2SHGAB5W27J4ZTKHA	342
AHX65BRCVWYZGX4P6QHUAFPDKOCQ	343
AF667CMH23BA3AXVXYT4KONTUJNQ	344
AHJ5LXYWWWIGTONRRE324QLU6UCA	345
AGCE5KX3LQVANJCJDS5N34P3ECLA	346
AGERFIKT3DSB3ZIO27JV2DZOBMHQ	347
AFFSUZU6I6KXCO2MEDCBNVLTYUWA	348
AEEYDDE6RPPR5KIY2U2ZJBC5NS4A	349
AHX5KGG7ITPKXW7HCQQN7TGFBRHA	350
AHNDIZGMOYCBKIBUXKIX5O5GZCQA	351
AEWUWC3QEJ5ZXJ2R6ERWG6OQWQBQ	352
AFAJKQ4XM2KAV253GEU7VL3LM24Q	353
AENPFFAIQ75VTJYM6BCEKB5WWWJQ	354
AFHXAZFQLN6RWIKMW2NJGBOHSRYQ	355
AGDOM5WLCHLDUK2LELG24SJSMZEA	356
AHFI4EZMME4B4GWVZLMMCJHTODCA	357
AGLMHJEWZBMXWLRX25ETEEYVKINA	358
AFPPNF3RSFMMNC5UAM6V4B475MBQ	359
AHI3JYK5BPWUGMVDGXM2MIW2R7IQ	360
AEG2APVZSEZULB4ENINTBABQF7BQ	361
AEN7BQTX5ZO7EWU52UVR56C4PYCQ	362
AG2FENSO66ZSASXWWJ4BW2Z5X6VQ	363
AG3LFN3BICH2V5RPI2XFRKQSEDZA	364
AGUDKYJFYAATIPZ2ETHEUXMHAOPQ	365
AGT6GRA5WBMMYEMM3JP5L2CLCXVQ	366
AHQUHSDKN3Y3NZTRM72JRA4UVOGA	367
AGVQSVOVS7MGXHJIRY3KLFZAHEVA	368
AEKMOOO4KWY3MG4M2CXWFQQ7Q5CA	369
AGCTAGD5MAP3T6EXWVQUOKGWTNWQ	370
AGNN3VUKKFLK5VP7J7ICUSXMILTQ	371
AFYNBQEI2MECSESHZSJSSU5MHCXA	372
AFCZNTZ6CCIH5FPE4CEDBFI4KL4Q	373
AF6QAHEJL6WEQHIO2PWQNPNPJIRQ	374
AFFHB6JLPVY4W566NW67GFKDBRNQ	375
AFYSHCJX77N6OZHBKFSTSYZGNJWQ	376
AFFT3CWCMN6FCNBH2PTK3STTSLEA	377
AGFR2JTZT2ZQNUS4PXYHMSBGNSMA	378
AFV32UMO7CSOHAU2RFTPPUB5AFYA	379
AE4YB4AE5WZMIZHVUVRP3TXCK5QA	380
AE36LRYPZ5CH65WBMP2UUJZPTF5A	381
AGXWPQTZP4OZ7KTNATRIXYIMLI7Q	382
AE7ZWVM3BUBG5OFF37ALYQHHVHVQ	383
AEPY4UJP6QEKT5DBCY2QYMAFMMAQ	384
AHGAW72HEBIPSP4ZRKC2O7HIRW5Q	385
AG4D33U4VV3L3DJBOJLMJ3ADCM4Q	386
AFVL5CL63EUUNDO3QPHQQZPK7FJA	387
AE6EZAPB2MIE6WDGT47XG26IDTKA	388
AHDYWEPU7QZTV4THNKEIDLINVXFA	389
AEGLETCI57NFPAITEBUI235YYHHA	390
AEVLKHGYFJTBXWPJUESJDLOJ65TA	391
AGTA4YQV4VWUNI5MFRMTLXSAFN2Q	392
AHCOV6ID7GFK6ABVU35ZNEJAXT6A	393
AHXUMOATDZGPUDHB4PYF5FSFJBEQ	394
AHCPAW5AFV4N5POK2GIDI2UMNHUA	395
AH5IAJUPHMPM5YWPCZAXELP22QYQ	396
AEHJ6W3IGWCEJGQMOGRTSRHMCUNA	397
AHDY5AR2HZ2ERNZYAHL4XNP6F4JQ	398
AEFU6XKGH6J4ZIYTVVBGEDUCTZHQ	399
AELU7VBQWQH7VMYK6Q3CIU5C43RQ	400
AEHM4YTLQPHI2SCJFEEHPZAQH4PQ	401
AHNIWV6SX76RSYNUAUSFLYFEWQRA	402
AGWXHH2DQWVMVZA3GHAFJQ7ROGQA	403
AGFAOH3NMW2D7YV3QVZSTXMTSKIQ	404
AFLSYWOTFNSURTVHS2465K3PENXQ	405
AFDAWZGRDE4UIK63JJUN6KBHVQZQ	406
AFBYZ76467VCBKRQXZI66T7JLO4Q	407
AGZUN7FPEL5B5WHJHY5P3ADHWMAA	408
AG3JTOQ3IURV6USPWGHTPJKPQT3A	409
AFDO3WC5OWB7TMV65HXGW4YBWHWQ	410
AEUTP43M6C7G7PADPODX2QFPDWQA	411
AEU327MI7HOH5SGXTC3WHCELTY3A	412
AF3V4XZA367QZW7RJBKL6JB5GK7A	413
AHC6X7NTYM3C36TZF7C3K3Q7HDEA	414
AF7542ZZDZ4XVE56C2YPD2DMF37A	415
AFNYEHJYJJA6AGJDB7WZOD6SFKRA	416
AFJ2IHFZ3EUHDMSUFIRNM2S25YOA	417
AHBQPN5IFI3EFXV4F5WSVVCO7VCQ	418
AEVOZ6XBY4YZG5SMPHAGCCMUJNPA	419
AHDO2ADBTR7P7QCWVHAA5IINM56A	420
AGEECCQF4MDXAP7RJDDPHK4U54FQ	421
AECIT3NMW6RKABFS6YOCYX4YUYOQ	422
AHTBZ7ZAGTW4C7TXLJRXFOH55X4Q	423
AECJWYAOJ34RILHGK2CKU42UOVKA	424
AGQYRWJMTORTDHLFUAHUTUWG3IHA	425
AGMCZMRV6MJ5SCCUIEILXUKJ66WA	426
AFWFOZA4BVBUEM26MBBYPUPZD3DQ	427
AGPGFFJDCKXPNBWCC5YP2ZUDPNGA	428
AGQIAEHZCIQ4F5O6TKP6YJA6V63Q	429
AEIOFJ7NJD76HBIP7NVPEZKTZ4JQ	430
AGRL7QZO4QEEP2WX6IQCVOBFWAXA	431
AGO73O7JZXWFCHYBNYW7GBEBYXKA	432
AHXYL4QJMU56EFZ7ZEQBUG76YOVA	433
AHMZDG7TLXFO6H5RPWEX6PX6EN5A	434
AFJCRMSGWYMAVOASYUUBR63OTLQQ	435
AEY5YSMI644BYXAP7ODLJ2QWWSSQ	436
AFX36Z7IAEAAQNFG3AGCREXWKJZQ	437
AFA6EJH3VSUCCJTPF5BU75BUQ35A	438
AELZIQ7UMIN3FYVZWDKSPOW7EFUA	439
AEJ6NI7JQXW4U2K3HYCNG5ZDCDZA	440
AHYAHSIGGIJF3UXGQEGCGAN22ENQ	441
AGFTTJHW3JROK22D5O7AJIWHUGUA	442
AFN7RCN7BG2WH2ML4CF5HND5DYUA	443
AEZQCM7Q3VR7UBWVUS6TU654HWMA	444
AF6FMTV5MQT2UJT5DR6VSOTNZ6QA	445
AHUOOO3WCQNZA4MQPWHAOEUEQ4YQ	446
AG5X7COSPHSZREKLQ3OKHIAKYT4A	447
AEYVUYFVUHDNWCN56EP26LONSAFA	448
AE6PSXRFBXPR4AHQKR2TQC56EKKQ	449
AELGH5Q3W53AUKAJFQTKWFP2G2FQ	450
AFCGGXI3DNY2E72UX77UB6MEOWMQ	451
AF4T3AQXLGSWBXPJV3RI2DBPEYUA	452
AGJMUGA3ZLDJXI7HMYAZXXISE3UQ	453
AFHB5H6XQKOFLV7JRZUBA6IHJC6A	454
AEPPO3HMAFNZS4JJZ6JLN7A7AWFA	455
AFEYLO2BKJA2CAG6QGE55RGC7PDA	456
AF5JSUYMDDEOGONAIJWEFWAANDVA	457
AHISHXPF4LUCW7VBFXAII3KZV6UQ	458
AHVQR7U4PJ7VTG36DQMRSIHK7O6A	459
AHRKSR7YAA6TGQGDO6CA5GDTRXDA	460
AEBFX66JP7X6UWGZKVVXGRWDFQJQ	461
AEE4M36AZAKURLEYGV23TM3BE7OQ	462
AH744AKXSDOF2M6U753ZNNAJZFPQ	463
AE3IGJOPJP6LFXEJTIXFJVSJLILA	464
AHCEDKGE26XM7BF3R6FST5FH6K4A	465
AF3GJINQTIIYAT6TU3Y7M7ME5TFQ	466
AH4UJ5TB2Z26ZYO2NIBATDXD33CQ	467
AFQ67MCWNIGBQPMBJTAXCUP7TX3Q	468
AFQVCWWD7BEUS6YTHTDLCTLWFIBA	469
AHSO54ZJ72XL244YJ55XAAJCYJCA	470
AGQWT26F2GUETTIFG4IICQWZRIVA	471
AGMBY3YIYAKNXAX7EQM2VVPFGEFQ	472
AF4UB2PGVLHK45WF7I6OED36OQDA	473
AHL4DUQINPGMLDA37BT7ATAETDEA	474
AEQ7D7IDDUFNPOL4VDSXWZPIWKUQ	475
AELZIKZNMROP2SMO5XXVB4V36RJA	476
AEOS2ALLIKEV7WLIPXWG2346HAZQ	477
AFESFBY7EYJMQNKR572SZFAAET5Q	478
AF2AJZ2KIDH4QJSOXBKCFGAZITGA	479
AGBF546BGRZAFFEIPWP3FIPE3F3A	480
AFTRM6DYEBLY6WCVATTSENTHPZJQ	481
AGK6WBB4NS3NWCQQL7KQVU7XVLMA	482
AHC2PEUPYDEJBC36YY2NKHBWAJIQ	483
AFZV327AI4OPR5OEBUTO2PRGAZBQ	484
AFP27IX4MNTC2JSFFPK2CVBPOIFQ	485
AEADQI7C4R2POQAY7LTFKGWMFFTA	486
AEEMHCO2KYLSSU547E7HNK4PMAMA	487
AFSQUEOQMSSII53NTEZQ3SLHM3RQ	488
AG466BQZPTBIC3LJDRP2TUPUT5PA	489
AHSIR56YDJL76VXSFEKI5YQPYJ2Q	490
AGNFDRVNTOQAKBTOD3FWO5N3K6KA	491
AHVS5I6ROMNPROYEMWTCCLR6WP6A	492
AGK5FHPJXPI75CVFCUKFFKLIF3VQ	493
AGEE3FF3DLRUTXBF2NS57BKBW5FA	494
AHVYQPH2YDHR4JMO73SFSJF3CQ3Q	495
AHX3YZGCSEJ5FW6KB23EPGPQMWWQ	496
AHFQ4ORC2NRTBOORDU2MNCJWBH3Q	497
AGMXVR5R2SGXMQPQYCVDHIB757MA	498
AHBSQUYCITTGZRVNGRUXGUCHOY3A	499
AG3ITPCVHDGFZ2U54XUITTNQLIGQ	500
AGREQQJHG72WPM5JM3WUOMNDZEKQ	501
AGNP7WAB6CTY72PMMJZTE2DABPPA	502
AEJTNGU6KVGNXBNIQT53B52T7M7A	503
AG2C3CTEG3T7HPEKIZH2OQ54722Q	504
AEFDIVNWWBP2IEEPXCTIRWCIPWSA	505
AERQA5ZYAYFVERYQIV6BW4K6KGPQ	506
AH4PCTM7BHVUX6WCGJB5PNS6K3JQ	507
AHPPU4M3N2FIOENT7SXDUJPDS6PQ	508
AFDNVPMB44ZS5O2CSJTL47BI2QTQ	509
AE5XXWK5FGU62ROWKSF2VR2EAI7Q	510
AE53TOMIUB7ENP3RD44KDAARU6AQ	511
AELGGPJDIDRCRJIGS33XMGWA5MTA	512
AH2C2OAE2Q2GOAMSCXS3QV6S52MQ	513
AHLZVZPQ5TWJ6KXNLADJBDZAT7EA	514
AFPJ6JGIYMREPOFCLW3NG5PAJIFA	515
AFEFRMJ5OQHPKVHB3YSZXIS7V4CQ	516
AEK3IYABOEGTXOTX7P6SBQJUP57A	517
AELWAYXKDZYNRCEIQ276Q6TYVLWA	518
AGX6HKECJFL5TZ3EA4Q436HVCXXA	519
AEZG2W4TRMMNFFAWS2BPQE676K4Q	520
AH5TSSJLJDBXZBDB2ID6Q45H627Q	521
AEKZVUWFM4AVGF2JGBGPVRKKIUHA	522
AGG5SZ7EMJI66IQ6E3Z3YJKQD56A	523
AGAVFN7CIWVLIDLJSMFNLJWNEDUQ	524
AHPGHDFIU3BUB3RQBP56RQQA7W4Q	525
AHVTV6I7RHR7XDLTTTKO5BJFEFMA	526
AFMY3JLTJRCRPPNTFKYUWNRCJWPA	527
AFL7IZKOK5XU4GX5SXGEPXWNOBPQ	528
AE2IGWDKOWONDB3FQFX3STYGWCNQ	529
AEAEB25YC6CS7TKQ7EK5GKHJOBAA	530
AE3UKETTR77J4LM2ZE4AEUC4L6KA	531
AEYKRGRK5WQJ7N5TEKOQ7VM6PMWA	532
AHP5VABVUZNE4DZRHTCW3XZ7IXSA	533
AH7C5ALYLATXPPSFZ4XYMKVYJJ5A	534
AF5A5PMCP3EPIOVGZSAJWNICC6UQ	535
AFPMVI6ZRR7KS7AWRIBCKILWDVIA	536
AGT4ZGSFFZBKHPY67NJKXVP3ADWA	537
AGBE3G6XUDGLQUZ5DVJ3TNSJJXWA	538
AHOYQ263ZGBZIBPQGKNVAWG35DNQ	539
AFKBVUHKXWWWQPBJWVZIKRRMUG2Q	540
AGSESE6MCMDYXMUI6VI4X3GOXXWQ	541
AEIQWHAKKCWLXL2JYRRVBHA3C7ZA	542
AGNBQTR2GWKJT5ZW6W4AUOP6P7SA	543
AGYSABJOPUEUZQ4XODJZNBNVVHTQ	544
AFFSV23D5YHLHQHJJ2437ZWKINBA	545
AECBSHTFZ7XJSRK7ZOONX26Z6VZQ	546
AHCRTMXR4WASIRRGJI6B3LU2JRTA	547
AGXMWJK3YL4SV5FJ27JEJZPZHRBA	548
AEUWTCUQE6ICZUK352ULLRPAKESQ	549
AG4YEGEBC32KUHBAEMBJTODGOSWQ	550
AEIGG3Z7NQLYWRT3I7OZ3KO74D3A	551
AFB7QGOJXRTRRZ3SDOSIRCR66UQQ	552
AGL2LMYCHSXG2NTY3Q7OEVIGEMHA	553
AFKLEJK2Y4TKTISZMHKTHX3KCEYQ	554
AFOGIBLMHBIMZ6XK6JAFB73IQ6FQ	555
AGOVWV4LJFKR5CHYQFAPALIT4TBA	556
AEPCVLMRBELDRCV6RKIKBY3QGWIQ	557
AEYBZ45CDKSOEWH6UZ3LDCG6NJBA	558
AHX44ATPRIYVHL6TGP3RZN6XIK3Q	559
AHA6NYC6QHOU7G37PNF5EBIOUBWQ	560
AHLFYIOJCRSSMGT54XQJ7LVZ6W4Q	561
AE2NWYXUAEO5SWKLRYZQD6LMTDVA	562
AFZLILW2Q3HMUQJCVNP26CC2OUEA	563
AE3TSST7D3QYFO2MUZ3QFNMYAEHQ	564
AGJRXFVZAQM4Z5DYKNOKK5WF6F7Q	565
AFLJH2WSAZTXNLSRFFMNTX267ITQ	566
AF2EYLMZEE434QXPBC6FWOS4YWYQ	567
AGU552MYZNZ7ENJ432YPOT7MISTA	568
AEF37WTIU37I3QUD5JEX76YV6UCQ	569
AHPLPC6XKLHHP2C6VWDX53QUDBSA	570
AH3CIXW5TPHMJB6WUHMTRTERWEMQ	571
AEFLSA4IAQRPF6G3BH23PYA2YYKQ	572
AFW7VJHUE2NOMUYVLQ3WXYFRUDHQ	573
AGJKFK2ZBNQL3KV7UFO5HGT4KVWA	574
AGYZTLWTAYKCT2ZYZLEEJA2GJ3YA	575
AFOZ2MWPNNC7TZSCT5KLE7USLCFQ	576
AHZYZL5IDS67DNZWC3KSKFTR6NXA	577
AHWAXXXBRGV5MKGOTJ5KTXQS3UMA	578
AHSP5IKX6USXFMSHWDQMXSKAEJ3Q	579
AFB3QHU3MOWSWQ7ISC5I7JISKQVQ	580
AGYGIBCBSK2ADFVQLGCBDFJYLTMQ	581
AG4BOUOPWFVYET2U3COYJD4V3X5A	582
AGVMU3ZRTWWL4I6XLIGNJCZ6EVNA	583
AH5NZZJDWJVPNOGE6W6PQPUJYPCQ	584
AFV2E7NCZRG62FXOLQO2SHSN5H3A	585
AHT7TDFPRBZE3GH7RFKCPSCEAR5Q	586
AHN2VEVX5LQEROU7HVHBUQHOKF6A	587
AEJUJLXYEFXUHS4YQTETBDYWZUXA	588
AFFTWOUQ6ME5QP2NFPUE6ETZFSEA	589
AGOKYF3ME6SYMTTK5IPRJNITJWRA	590
AGLGX7DGPF5AUXRUA3OPADMXGPRA	591
AFYCGF7GERZXJXSVWQO5B46AKSEA	592
AH2M2JDJDLEELUZZK26TQWCRXDUQ	593
AEFLJ44YE4GTJNXRJNWEVB4BPBGA	594
AEPUSQBCPOBYEQDRQD5RI6Q67ERQ	595
AFVDR7FS4UTDJWM5V47NDLAVYU2A	596
AHCA3FF2KQI7SRT32XBZCNHFEHOQ	597
AE3335XF4PMHSXKTW5B7N7EALG3Q	598
AEYLTTG6BD636LJSNQICVOWDJLDA	599
AGNMY5S5D3SNJ4O56EWEXL6SS2NA	600
AG73PF36A23CTQAX6RM6HCRVWMIQ	601
AGYDNZC2RMFMLG373V743XZIHYWA	602
AHS5LDWHEORMU2WEMWSQG4WRDICQ	603
AHXCOH4ABGDUF6PLAWTVRWDNTIVA	604
AFP6ZW2XQZI5IMJFAGS5DCOGFTBQ	605
AFRUBJ22O26J35OD5MJLBC6RUJKQ	606
AG3W2TKTA44A6RST3VBKHWUPFG2Q	607
AFL5OB2GSBEQMSEYKWV732IWQ3GQ	608
AFSQYNVKFMP3WWNXTFTNBFNU3EOA	609
AHBQYAFF3P7663IHYQ7KCE75NQBA	610
AFL5SKVALRTNSIM76DG5JLV5EKTA	611
AE23NZUELB4BYWLHKWJXAS73PTSQ	612
AGJS5RN6QYCYPGH42JZGQFFOSXKQ	613
AFSYEOBTC3ULN3DGKABPFR6FIWQQ	614
AFMRUDC57F6M2LQATDMSNGXBHU3A	615
AEHVZBMXQ2RGLZHD2P62VR7PVYOA	616
AH7MT2NRFFUJM2C76ASAFRW7HFQQ	617
AGZJN7G6KPXEN63A2QCZZPNDUAFA	618
AGVZL5MSRHWZ74DPTM6PFQYFVTAQ	619
AEVYUPVIT4MPQBSMBTCA2IBRR5EA	620
AEZ3OUCILLSJMNOQP252B3HAD26A	621
AFLBZZGYPP6ANMTMRL5MEGW2SVFQ	622
AFGXHIFJHYONISJ4EZAV5G2QIZKQ	623
AHFBPWFQXUJN2FG5DF3FWB67ND4Q	624
AFLLB56MWF2T4YVFSXIDTBTGU23A	625
AEYMAUFAD64N6BWXI3X3BYDDCOSA	626
AGPTRM72WHO5EUPQUWS47FFGAALA	627
AFIZSMCB7TIH7APWCJ2AV3V6OSFA	628
AEW3JO4H5C5RILXUQPCCBSKNJFDQ	629
AHBWH2LBU3NFLD46GKJKIBAHKXEQ	630
AEQRBINSYMJHW5WHVIVA3UWS3EEA	631
AEB2IM7SDC6STXDK4X5WO5U4GN4Q	632
AFISQ6SXZLIVXAJXIM6IB6CDXQ5Q	633
AERJSFYTGI6ACY5VSOYQ5RAN6QFQ	634
AH3POWPCN3JIW3IUL6H24L536NQQ	635
AF5BJFLIVCZUSDYDXK56RHTPD2FA	636
AEJE54M5UMYRXIOMXT6ZTRI6VNLA	637
AGROJMVDIUS3PBURBTV5MX5CVKSA	638
AEG3O5TEJXVSBDTAXRAOZPPIY5DA	639
AFA67TNWVE655UH4336GNZQ44EAQ	640
AEAULPMFJAJ3LY45DFUK6XBYJJUA	641
AEIOOSP7SVTJCXS53SSMVOMO3WKQ	642
AEWVRXZBI5LNMSZ6QZ4TN7DBOSSA	643
AEDPMA3WGX6KUFWYHEWV27EKRBGQ	644
AEXP4SUXLPAZ5XSYAFSO7FIYKFNQ	645
AE4LTXTD5TUPPWFKDGRYWTPS7BRA	646
AFNAPXQMTWYMFHY5CAGMEFVWQFPQ	647
AFCQODXRVHWIJD5CWNND7J4GQ2MA	648
AHXL6HSB4XCGSXWTGDHXNFDAMDDA	649
AFHI6HE3NWKJCLMYANTCXAGL772A	650
AHO5LQV4ORBQEIAKS5PS3SAKDMRQ	651
AGBXLQMTTFVKAUABEGPNODQH7BHQ	652
AECADZLPUNH3BDNACLFF7PSHN5MQ	653
AHHAHQKJ3PP6FFD4Q6UA6AKDG7JA	654
AFR2XB7TRMQJCRB6INYP2W73EH5A	655
AGPCJNECQMG7LPLITZVHXP3F2HUA	656
AG7Y5UMCEMWJOXKMOJKW3WNNHG6Q	657
AH23OXTW7BKRZ3YB6JBQGFB3SMIQ	658
AFYKEGGTGITZJOXLN4QWIBR3FK4A	659
AE6REQYX5K3ZRTLKBM72WVEZOJMQ	660
AFBZ5MHWVLSJLGSBTMJGQ4IJDAHQ	661
AHPPX3NV2FSHEMKJVSFB23INOXFA	662
AFG3EZUMNJ4WW4WIZSOMPID7ZAHA	663
AGVX6A6PVKY7LCDP6FIPKZAEEWIQ	664
AHSHA46M4RF4H5NHXVE23ELJM5FQ	665
AG55PREKC7STNFYTGER2YJCHC4GA	666
AF5LP6VNTBCBTLFFDPFBM7ZTBYJQ	667
AFMYJCA5WSKVFEVNLOWVS225OAAA	668
AEB3LQB3R7DHJN6V7N5KKWVAC4SA	669
AFLU4RZXWCWTCXTF2BQHCPPXMU6A	670
AHM7F4GRRASR5R4HCACGTBSWQWMA	671
AHKVV3DX3GMHGLHSRI4OALL27BSA	672
AEQMNVEDLGKVSJ4SO5ZFVYLWT4EA	673
AEYRJROJO7YNSDN3C67XLNLJFO5A	674
AFX7FIEKXWZMR7JTXO3UP6S4GR7A	675
AHY37H4JF643FXWO3USRK3VSFFQA	676
AH3GANVLHHA7M6OB6ZTFDGFLQ62Q	677
AFMDDSBXPY7J3EK65B2262HI7GXA	678
AH3VK3QFSAVL6IEUH5JFUATC4Z5Q	679
AF43TO22JZAOJOU6NUDIEYTDGDXA	680
AFLESZG2JRRGXUE25MYUEVUDK5OA	681
AHYUOH2NL7IE2AEJZ6P55BP4TETA	682
AGCXYI2EF2GC7N2CCEUQSOFA5XLA	683
AEGRKUH3EW3DHUZOZDS3XIM5KOBA	684
AF4TV3NNARN2N7YV6Z44S2YN237A	685
AGMDAAUESDQF66EVQNSHYUNKE73Q	686
AEU64BW76A3GKMZAGLUZZORCMB7A	687
AGLNOSRFRMEFOJA5DIGMB2PTCOUQ	688
AEIV4MZVHCOADS6ZACVONNHPYF5A	689
AE7IYF7RTSGCJORHIE56UHRAMY5A	690
AFMHV7S4CQ5LEGOJCCI362FEXZCA	691
AENZWC7PPXHNHIPWGECPVC4D72CA	692
AF6RTFII4XB2EGU2C3SYBIRGG4VQ	693
AGYWCYJ25DGK6CAYOVGDSLBW6VDQ	694
AHLQVJPH73V2UVWJCRLAXXFKOGLQ	695
AFNACT4MLU243POBVE666TFVUPGQ	696
AGXJ23CIZAGMGDBCB5ILGTXJT7IA	697
AHYR24K7VNCEHSLDYXUU5OWYYYUQ	698
AGZSDSHEGWQOJZAJRXGXXV4FULIA	699
AHUWE7VMGOGQL6A3MAXURNNAGRTQ	700
AGNJID7V5HC2MUMHJWCFWSA3NKNQ	701
AEPFXSUFROTDTN62AY2HXAZFU5HQ	702
AESGD7JWLZAPQZLN7NQD3GRPUADA	703
AGB5SLLK7AXMK5MYIGZ74DAAMZBA	704
AG77CPJ3VWSUMHNOLF3OVRLJVQXA	705
AFV33VZ7QL345BNRQRV42WD56RMQ	706
AGEF6LRSXJ5JEA52FFLOJF34QHJA	707
AFFF3CAHYDWXUL2HS32SGDWXOI2A	708
AEABAFTBLV2D76BLGUWFPVBANZGQ	709
AEMMTJMQUTJWIPZ2LYBCJ2BRD5AQ	710
AGM5FCX4USCM5NZBL7AZECFP4TRA	711
AE4ECHUF4STGEQ6AQ5GI2SSJ5BTA	712
AG3K6733NJENIS4HX5WMS63SFR4A	713
AE7S6QS5XPGQGVGUH4NQIIT5DZPA	714
AFFARNLW25ILZ4CNFXSEFMMDVA7Q	715
AH2Q3YA3EECIHBLKCFC2PJYHG2HA	716
AEUXBPODDPUVKC2I6QGQOGGLYSAA	717
AHDYDJ5CNTUJOVPN4PHNRAHIZXQA	718
AEORLCFXTCSE7HUQOHRGRYYABPPQ	719
AELUYPBOOXBCGJQUWJRVNVARMJPA	720
AEVXHZ7FP5JON5BIB73BTVC6CQTA	721
AE35PCM2KBCWJ6GVCK4WYQGR5SHQ	722
AFNUSOCUHIPGXTECVNEDPV32MVKA	723
AEKPHJN45BBJXAFUH72D7REARUFA	724
AEIRXLOAO7JY6FXS3SAI46QYI74Q	725
AEQHKQ7QT3P2FXO2HW2XERNZTRNA	726
AGZK6O6J5NQJCONZ3TZ6GHOR27UQ	727
AEHH4ZCAU2UKQCG6XUGD7NXBVFNQ	728
AFXSU5SBFAUT32H62NVOW7QTVC3Q	729
AFOHSZOUYV4P3STMGY3ZVWEQAFQQ	730
AFP7XYTAT5UPUDD73SA7RFEJSXPA	731
AGCCUCN7O5Q2RKIAPUTGK2BFU7HQ	732
AHITRGVN4Z4YMOQQTJKUPU4IZDWA	733
AFRRH3DGFSZH6DOS3MCNO5AYU2YQ	734
AFPQJSBCMEKL3PT54KPROBQ2TAXA	735
AGI45SALSBOEPCJHO4JHBMBGDZ6Q	736
AFFG4ME44XNOWYBOZIMOF253BIQA	737
AGIMYCA3OW5YGXP4MMNUGWOWLWXQ	738
AFNAQ3BJPBI3O5XU2DYFWP44TORQ	739
AER3B6DCCIFO7DL5TEM63V754QGQ	740
AHJGOVXWEV57QYKHIJZVHA5S5DBQ	741
AEMOXSHUXDSNJMSKRS42EA5P3X2A	742
AHUCKCTVD7WAARGGJSAVNYJ7XNQA	743
AHJNLIAO6BQUUTT7MRYSF2IMSUVA	744
AEJQTTVSBECATLYDADHXZ7OIZQZQ	745
AETEWJUGH2TR5WUBCFST3CDKW42A	746
AH453OREUNLLS46NRKSZ7KDQMOYQ	747
AHWLAJMDMMY3U64I5ISWYBVE3S7Q	748
AH6Z4ETGIWORDLJBRJL3JJYTB53A	749
AFF2CBXXZTRS22XM2NGR65CBB75Q	750
AHOETYTW24FWK46AC3YLCBJ4MVEA	751
AHGLXDJJ23CREP77OC4M7CCCXPYA	752
AFERNUCGBR4EXOIEO436ESNJSU3Q	753
AGRF2TRX4IBMIXQBGCT7XVY32YQA	754
AFOYDZTIH27IJJKIXXKAPVRFQ2OQ	755
AFLXHOY4SAANB6Z2TLIFZK2CSJRA	756
AER75J766Y63JH2CYYRZMDIU2R6A	757
AEA6QOWQBEDUOOAFVVJ7VWXATEEA	758
AFUW2T7GNL7SLLS3B2UR5VNYSSJQ	759
AEW7SGZCU5XUQQVPRXKRDZ4K73KQ	760
AGNFKD6YYKBZCDQJGU6ZYXMXKSEQ	761
AFD5HRDFOBWATRHJ4BOMLN62UKTA	762
AE6DYQ3JL7K53MUXRBUAYGK5U4LQ	763
AHPYMAQYN5EIXUMUTE5BLQAV5N7A	764
AHJHBFWO6DXU6UFNRAD5HR6XSQWQ	765
AEUGWEHQWAUZ6GBCOIICDB56FCLQ	766
AF75GMX2RZQPFVN5HGKQPEKFOYQQ	767
AGKXEQ55UWTAAB43PDI2YKIXVRHA	768
AEYUO2KBDDQEQDYLVPRQONUFPBSA	769
AEXQW3VB6D5QL7YE3DWCDTNXE4JQ	770
AFW2JCYF27JLHTFRB4PFILERM3NA	771
AFRQX3MJPV3GVQH52IOSS3RJ74JA	772
AEC4WROC543KSOU7GOBC2DDXND7Q	773
AGIB4N34FKCX5TDVPC6IXYXFLJOQ	774
AEUH5U6JOAJDFWAG3FRMW5T5722A	775
AF2574TMWSMJGP72C3RTXZHB5N3A	776
AGYQ2352CRFD44FYJJ7P42ZFUMVA	777
AESWZGOSDDULZ2TWG6GLDEU2X5JA	778
AFVVHXC46GES3HXVII6FWLQ6X7TA	779
AEYERBW72D3BWUI4EVNBONPQWQYQ	780
AGGGBF7FEJY3TDMFYZCFRTEHRXCQ	781
AHRMJPYIRMJZNMUCT2TEOTEYUICA	782
AEOK4TQIKGO23SJKZ6PW4FETNNDA_1	783
AGZZYWBH3LRVMDBBP7X33KGKM5PA	784
AHBEKWBIK2I7EPZH4L2Z2G4IZWNA	785
AHR4NVRGPOS6GIJ3O4WQ3D4KUKRA	786
AGJJQLCYKHMRUTOUFHL4BSBBT32A	787
AHWWZMV6BFZE4DPTZQWYYJ27GM7A	788
AEHZBUFEOW4TY3K4IYFFR5ZU5B3Q	789
AGQ5ERLI2VUZVYLQV5WYJ5TLGVYA	790
AEJJ4HTWBXN5WXB2X2NXUCIS2LFQ	791
AFGGRGHGHSFKMZASFBYFRHBBEOPA	792
AEBWQVEHJ4QDSL2MMM7J7QVZPGFA	793
AEKV4Q3JUQTQA2UR7PH7QLUHUTTQ	794
AEWIKQ7HKUQTQPKMO2MF3I6MHWXQ	795
AEJ537CC7V6EQDWUJOLTFBWM4SVA	796
AEX6F3NHCLMPXTPAS2CVOUQMOEUA	797
AGH3V7MDJN7NGSQ37RAENNWWPXLQ	798
AEUYBLIYQRSGVZMHIRECEK7WL4VQ	799
AHY2TURQPNIDXZGH2CMQLZ343YMQ	800
AGMWACNMAG74AXBF7IJ22IOZSZPA	801
AGN5KJZU3FYSKVWXWM66LXYWL5CQ	802
AESCUI6VXJSHLUIO44Y5ERAHZE4A	803
AHV7LKZELPOHGBWXQ6GLKLYHHPDA	804
AFSHXT5PTGDSFW2725SDXIE6ZVEA	805
AHWFAMRETIELDXF3D26JA4SRA3FA	806
AGVQDS3VL7L4TVNVITE7AJOANDTA	807
AHQ636JWMFQ2Q6DO52PJ3U5M2CVA	808
AHO7CJSLW22GMWPFB35V3L4OFUYQ	809
AHKADS7LVZVUGZWPOYIDMZMNPJRA	810
AGLL7CPD56HB3XKAZGNJ5IP27FNQ	811
AFTCL2WPSSUILPX4AGK2KFG2X7FQ	812
AFTJ7XQN2EIELHARUBBL6Y7L65DA	813
AFO6QRJE7PPMBY2P66V2FPKJUIEA	814
AFTOJE6AK7BKAV235EC6K54BXXRA	815
AERGQ6U7YCR6JZ54FFKYPUM7PFDQ	816
AF5LHZNYDAYSIO3ICRMFGB6M4BFA	817
AFKZESU3PTCQ2UVDBDSFVFTXBFNQ_1	818
AHGT4IFOIQNVSFD5XVY2FQAXSMFQ	819
AFBLBHZPHEI3LN5WKJGOUACDPJXQ	820
AGTGHYRTZXKX4AIL42A3FKWR7SOQ	821
AFEYVUSF4YUXHCTHB5GDRCG73JIA	822
AEANXJKHHZK3KZ7JK2Q7KJXAF5AA	823
AGW7WEU5IG5DRNRQ7SBRRG4FYEZA	824
AHBCJHWUICJPER32L4YKHVT6Z4QQ	825
AFYOUD6JHLIXCTM2NYWNARHGVFMQ	826
AELWIBSJORE5MM722A4OQC53XIWA	827
AGCJCB57J5PDFKTMK4V6ZYIMIZGA	828
AHEMJ62SUJPUYNWGROPI6MUAYQ5A	829
AG4D44BNNLUEZNG7COK2CNRYUHYQ	830
AHBXTSYI3ZKDKTL7IRBFGNSNR5YQ	831
AEIFXWDWF3NU6Y5L5VQBEITE7KJQ	832
AGV5NQ4JDQD6NHXVF6AVZPVDX66Q	833
AH36N5HJJQCBDAURJUTFAIB4GRFA	834
AFQ6DFTKAWHJTOBWJSBOCNLZH6QQ	835
AEV7Q27IHW3CU2NGA5NMHVHTLIAQ	836
AF7R2ZFZ65KMPMZWIR3QPH7GJ2GQ	837
AGAATCZ7RWOGCVD3BJPCUIC6YAFQ	838
AEIW7GMVHQ4HBUXTTYEMHEMADUMQ	839
AHJZICZVRJWDIAJ7F4KECEIFOH3A	840
AEXO6YBJHQZFPLVRQJI6VX7IJDNA	841
AHYGVK6W353TCQL63AIECYCGBEJQ	842
AHACDIPU6CQKLBZ4NGY26AEG27EA	843
AFIAXFQN3RHN7U2MU42EJHMYMOXA	844
AHUIIYUMY5OXQWRECL5JEK4AITBA	845
AEKJQLMPWARYDWN4BQXBCPML2VWQ	846
AEHGY7TZA4IMOXXBGPTZC7UPM6UQ	847
AECO2ZWV634CZOOCC7MQ23TC3GMQ	848
AGLCYFK2SZYTSYVMHA744ZC6AXBQ	849
AGSU4BF54NFDUP5SOHAAVNKQI67Q	850
AEOJX57BH5S5PO5JGBWJGYDMT22Q	851
AFZIHXLLRIZYAZDRCGC3Z4DYUMQQ	852
AFRY27GPRRTESTN746JGSGNPGW5Q	853
AGSI52Y6GEY7X5TLS7QOWFYVYD5Q	854
AGXNNDGBBN7K2RJQQW7UBR347SZA	855
AHCCNRLBNOYPES5OFCGRRIWQ6BMA	856
AFGJYXOLE2THZ4IF3UVLSRTECMIQ	857
AHR6ZSCEZPV5IIYAPOECIMWJMZEA	858
AGWYBTJM4LHS74LEIA27N2BYQ5YA	859
AHG5KKQMMZJA46LDH73IZ4QUHYXA	860
AESIZ3ATHVPMZM5NI6ZJOZBH547A	861
AFB5L26ZMR3M5IXB3TR7NBTIFEYA	862
AGNURT6BJA6DDBXSIIRHPN5AG5CA	863
AFVLZ5PK7IRJ4RLUC5BWCJTLF6EQ	864
AH5OTJDIHBG4SYLRYWKS7MR7NWUQ	865
AGB6YHG7WYVJ5ZEFMOE3EOD7FDFA	866
AGXKO4DSHLDAFX22QA7HHJGF3JBQ	867
AF23CFUPTYRIENZ2HTI5LBZ7QAJQ	868
AHBXTNM2GX2733GDKNLVGJAVZ2XQ	869
AE2ED6WSUDMW3NGBDG4NWQCYNOMQ	870
AFI26FQSVIXJZ67G6RPXGVR7X3AQ	871
AGVY6UGSDHAZQRUKCY45VKOHTJ6Q	872
AHQWODXFGHDP3OISHQFPLQROHBFQ	873
AH63XTJMDZRYJOG7Q5Z36R3KEG3A	874
AEQFUZYJRNPKUZTZ3Z7RHWDY76HA	875
AGXOFM2VCOCBTNMGPIAFYPV22JNA	876
AFEAWXVI3EXIBPAYUTPDCDVCZ7GA	877
AGRZUK4XJD6XDWN2ENDHJU5DKNQA	878
AGNGL5CYYEB5CZLIRD5F5XSX2H4A	879
AEFDGIRF3LYGCBIDRYDTH432OCSA	880
AF7G57GLRQN6NOTVNHLJBJSXRCHQ	881
AGNMVW6QMZGQPBRDAMRBLK2OIHIQ	882
AF4XN4KEGKPZ5MDHK57VVBMELHBQ	883
AF3Z3Q624EHKZRR3OTEGMBDPDAJQ	884
AGZYORBK4JACFWSJVKX4NZAFMLIQ	885
AGRFR2YRUG7676NBKU4W3ZM2MGGQ	886
AEW7UUQLNWWCKDWBUNIXACTNMZ4A	887
AFMNVTBM76V35QDPQ6KSFCCDK5YA	888
AFF2V6ITMP4VQR3V3RGWUJHCTZYQ	889
AFAU5ADXHNGLE22RJVM4KHFSOYTA	890
AEM7EJAYZXFKI3EHNKRUNCJEAQLA	891
AGELW2OTH6XX5FXWBDGREJ67ADLA	892
AFS7VD6OXIA6RAOTQ3YTNZP5Q3BQ	893
AEDEY7PBQ6AQUZ5NNKFCYCN7MNNA	894
AEORT2SOUGKL76PYWWGS4SUL3OSA_1	895
AHEN6WGNOWHPZC7XQL57ROKFTDIA	896
AGTJPEL3VYZD3EPGAWFWSZXNX3KQ	897
AFTWZPKDKNFPWJYYEVRXUO2CBCVQ	898
AERDBP26RSGAGWWORPE6MQADNR2Q	899
AGAG26HOQOZAF4BVNPL3IPQT3TEQ	900
AEXSZIYKCNJ7SKFK2ZKFQOYVS6DQ	901
AFZFEUCE4I5PXXGG63FZA5GEDUIQ	902
AEQKG4FNUB67X4JUBJRWT3ISVKDQ	903
AEAV6DQ5GDYWY72VTH2TRC2QA6QQ	904
AGJMX4GPFO57UHJC5FDA4N35XPJQ	905
AG5A4BNLSYHH2IEFJD3UM3N2IPMA	906
AF3PBFOBATUFYBJMDEIBIHK52NSA	907
AF4VHMI7DC4QIO6UZILQBFK327BA	908
AEAPEDV2ECKELKIH26SR6DIB7S3A	909
AF6QHJSY6N5MMHTC5L26QOTX6K3Q	910
AGIS3QL3LUEQWKF3YKHLLWDD5BJA	911
AHZGQXTGR3WB6CQR3PP2TB2YPTUA	912
AGLQET6T4ZX4C4UXTNEMYHIWLFHA	913
AGV5RMN6RNZS4SMIMAT2NRDRKFPA	914
AE5GH4VM5Q5HNUL4EOAYRLNB7RVA	915
AHJ6RT3EYLZ4SKIDSWKC2PHOBLLA	916
AH5BEMAKZE5RJ3JSHUYOJ7S2WKBA	917
AG3FVTSD7ISLKALIPY24IVJCCDTA	918
AGM4CTJZTX4ODUQDZKC5NP6D7U3A	919
AE5OJZNODDQGPPOU2H3A5N2VDO5Q	920
AENALXICBEUWDJG6U2GYCGEVM3OQ	921
AGQIUTI7M4XUGCRV6E66FAOCX5PQ	922
AFYCLJKUNJR5P62O2IF5ULMAWPQQ	923
AH2XZBSDLT2QDYEFM5MQQPWDQDAA	924
AGNLPA354S3FXAGZ3FQP37X2MLZA	925
AGGAEZZTJZWEGLEMKXW5NTNXH7VQ	926
AF2TBHBY42NAT6OWLU6W4PHR2SMA	927
AHGIDR4IJFS23Q4GTZ33FI5LYDSQ_1	928
AHZATJF2HWPHRX46E5VVI5FYWHLA	929
AFMBDZGAEDBLUTKGBLMCF3BBC4SQ	930
AE4AZM7EKJ4264WXG44HOEA73GXA	931
AFRVKY6SU7KLE3MH4KLSPUUL66UA	932
AEVZGLYUEQEYH3ACTQCPBU65KIKQ	933
AGH2ZCFR5FJ4QZQGVSYFNJGIYY2Q	934
AEQCET32Z4A4SCVTRASPYC27B7AA	935
AEE2XLIZKYGXRYGJG4AZEEL5VHUQ	936
AHSYPMTMHAMWIT6ZVKU7J37ZJ4QQ	937
AHKWY5YJGCSBWKLFCPRD4ACVRTLQ	938
AEJXW7SCFCOV3QC7QVUZRZ5T5XTA	939
AFU3OZVM7DT5BYNOSENWS5AF7D3Q	940
AGNVKXHFTQ5WSP7TRRLSTH5APJNA	941
AETB52TRZFIDL7X4JODGJA5OOGMA	942
AFWQKHCLPLY7F4T23T4XLT6BBXYA	943
AGTIC36N7QHDFOXP562DICQFYUOQ	944
AFJJSBUZNF26ZVIJV27G3MPBJMAQ	945
AEIGRLFPH5Z3EQ73Z23CJ3WX6R6A	946
AEFPUG75M773VCAG2R6DG3HBDWOA	947
AFUZMUKWSQFJQHJ5ZKAXIQ5JSBGQ	948
AHBMX52E5EDCE3XLDMHME2HIARSQ	949
AGXF57KHZEDPB5DX24GMONQUQVZQ	950
AEXPTZ272HHG2KO2JAGU5IL45HIQ	951
AFOKWZIJI7K6Z6R4T7SSXRTWZNOQ	952
AGPP422JNZ2AWPFRN2BW72WAC7GA	953
AGFAY3WSKYVCXRY7XL77KPO7PA5Q	954
AGTYO5IJUM5JDTU7DCT7BBLTEYHQ	955
AEQLLAUVML7KK2PJ5SLG2M5LJMEQ	956
AHEJQ4CPSHAQNTHL4BCVCAPZ7YWA	957
AERXSJSTEZJTGJCCOAH652TLXZYA	958
AFAXLEMUD7WHN4LS24P5AWWTLVCQ	959
AFR6B6TSHD6KORN3UIZD7S4O5GCQ	960
AH42YC4C6K5PQ4ZMRZXRRGKELWCQ	961
AHDG2M3WTZO5FTVH2GIZNCPQ4ETA	962
AG3VGEZRKUCSFHHG2YQNP6YOYHGQ	963
AE22XHMBOBJBXUFCTNYLFMD4UKMA	964
AEIBV5YRRTAILCPJ75FHAKQKGXBA	965
AHOVUTHWDMYV44FR2EZZUHC2OQ3A	966
AFJYTXCB6V5HMVEOGNJN3KPR6FBQ	967
AHGOJWPLZBJHW5AYKOYGYBCMA4XQ	968
AGJVKDYEXLVUSML3TOBXGQOOOL3A	969
AHUJJQQS4ZQ7KYQMJF4SCRXYQH4A	970
AGOXG7F5MVZVCZ5AUXJFCE4JW6VQ	971
AEAN3MIX3YEDPN5HGMTQVA7LJ7PA	972
AEYFUWIEWKDRFWG4ABWTYPJVIBAQ	973
AGN65CJ24MCHTGL5YZ752X63BHCQ	974
AESONS62AKECZ46F24ZWH62CHV7Q	975
AGFE4BOYY6OUVCSVDD3URJCCRQYA	976
AGBKFINSYCZPJTLL7S26R6T2ZAOQ	977
AEINEGOKGA2CAKSFZB22C65CGHKQ	978
AHCS3R7VYCV3H5BW6AVDLZHVT3PA	979
AEHFQR277CUJSTMN47DSXDHH3PGA	980
AGZSZEH6YLCUQAVMGEUVALD4VMEA	981
AGHRU2HQXGYYQO7IS37HJZAGYLYA	982
AEA42FBHILJ6UOXAYMRVKPTA4IWA	983
AGANWC45FFYBTRRUTUZPJRN64KLQ	984
AETG3MX7IDO7L4BLNFHUMM5J5BQQ	985
AHU57QDWLAZNBMW4JSYD5LYDVMRA	986
AFII5FEOS4BGKJVTY7GDIRGUVADA	987
AGVTQ5KZKO7BZXT3SEJVGXWFPYXQ	988
AH57STNDLL6QK3AQSNPIQ6KBCMNA	989
AFJIQZP3L6AHWIN6ANWT5ZR7JGUQ	990
AHLC5LPWBYGDEOQ3GPEOV4MRLIBQ	991
AHPLG6XMUXZMIDDK6VK5SNAKHWJQ	992
AEWL7WBNAP6ZYTGS7QS5UF7RAHFQ	993
AHFE3YDRYUOTRBVF2ECNKKM4OIBQ	994
AE5CNNH4M4LBEWEC5BVA54IJ75VA	995
AHGRU6GYTNGVCABUCZQQOXOCBXZA	996
AHQJLA3NPFFP5V3LA2P5EZVLSCBA	997
AHZGUAU2CB7EFW4YU6H3JHGV4IIQ	998
AEKNMPUXBMNMHDYWMLKOUTEY3LYA	999
AGLGVDWNM5KVHS3PBM5HX464YVGA	1000
AGW2W7GCBUCVQW2QAATCE7JL4V6Q	1001
AEWHLGO6FWZ4ZO7N6TX7I2FYO6EA	1002
AG6XBHNWBW3UJZ5ORMUXVAKTWTZA	1003
AH3MUCGVVDAUQA4GD2L5ZL6GS7SQ	1004
AFFGJTTHRCSKGMMCNHT7UWTMKKCQ	1005
AHDVSLWHSORYGG3S5QZMVDFNOXUQ	1006
AE3QBGRRHKT3GFDPRXFEN7JICEZQ	1007
AGPAN57SKMRXVEN632MUHYRPVVTQ	1008
AHTOPAM4UMS6AZRFWMBBXWNYYEVQ	1009
AGDU4N5YF4PWUEJSUPMJUGYYJLSQ	1010
AGCHXJOLXDLDQFHRRXW7BGVEERZA	1011
AGZUJTI7A3JFKB4FP5JOH6NVAJIQ_1	1012
AFTKJZUSHJF6SQHNZNCQE4EO35YA	1013
AFWSX6J3BVHWV5KLNYIVNUBTN7MQ	1014
AE7BI2RWGLOCQ2V2XAA2GS4PE3LQ	1015
AH2DVLEEOTXVO7BW7AF2M2I3ZDHQ	1016
AHVWXJT7U7PRSM5WZ6MHYPHGRQ7A	1017
AGL7SGT7WNQ2F272UCJGAZIPZHMA	1018
AHJ57LR4KNFBJW7XYTZCIGYILPEA	1019
AF4G7X5CE2VHHBTTPM3Y22QUCZ2Q	1020
AHRFXVN7GOVMU42L5AFXBDZNLRRA	1021
AHHGE2PEVCLVIJ4UDPLR5XUM5NQQ	1022
AGUZ47LMOO52XAB2IXT3ANDN3ZBA	1023
AF4OMAE4JOVRZK4OJI7RWTRXPKTA	1024
AGTZN47756WJEE47AUZ6PXP2DALA	1025
AE2574JZ364UOAJLH6PSRHJPQ4TA	1026
AFEQMQUDCRRXIGC3CEES2AJOLZHQ	1027
AE53LZOCV5XAARLJJUBF4WNOEQJQ	1028
AHPG65LKS3QKRWDUWAKZNLEK5RZQ_1	1029
AHPXDU54UJCQ5WRTAFDIAA7DTDBQ	1030
AG5AMDW4SIGJE4MEV6BI2V3XEOPA	1031
AES7RASIJQEGKUNG5G6667DTO2GQ	1032
AGLW4RPFGBKWE3FBZBEP2JWUIOCA	1033
AFPXP6KK24JKCMZI33N6GN2HJHGQ	1034
AEOBB7VMAUNZ6ETYINJLQ222ED4Q	1035
AGVKHJUJJC46JBYKZKO32XHG2Z2Q	1036
AHNS4IA3FTAYFENRMTJJ2XAKO7JQ	1037
AGOLMT3QETKYNESRYKBA6D7XXS7A	1038
AGQXRXHIEUGJU6KNUPNWMXYBRREA	1039
AGC7QCUXJISMEA6RKUGWBKYFA3EA	1040
AEODUUL6REW3PW2ZGFREKGWBYUZA	1041
AFPR55WPH374GMI56Q47AKFXACJQ	1042
AFY3DF5ZXFAWH5ADLZPJYCW2IM2Q	1043
AFFWOJVLFHJRDV3KFGXGIIHTF6DQ	1044
AGBJJYJ3CKEKID5PLR2QGGUZFCVA	1045
AE23ZBUF2YVBQPH2NN6F5XSA3QYQ	1046
AEJU3Z6HDAERETMYI2CXBQVPPDFA	1047
AEZUL3R34WWAORYARPTJG2X6KC5Q_1	1048
AEZUL3R34WWAORYARPTJG2X6KC5Q_2	1049
AEJZGAU5STQYEOIETLHMEGCW2SPA	1050
AFADMTM5M6I4OR6WMZPVVARNK62Q	1051
AE2DIZVJELLVKMNW2ZQ7IGOCIW3Q	1052
AHRUV3HZFPZEPRWEMSYMVBAJXFFQ	1053
AGQVYRFKX6G5VO65RHQ7UZKGSTKQ	1054
AHJPJAUI5LLLLQ4ST4CE2IHHXAZA	1055
AGYL7FPQTHR3VBYC5ENBUV6P3YIA	1056
AE7YJEF3XD5OYHLAMDDDXCL52V2A	1057
AGPGFWUIGJUZTOWTD35ZDAZLF3ZQ	1058
AHS5OQLOPMP2YCRIWK3W6WDJ7BLQ	1059
AGBZNEXI3XD7GVUIMN5XADBHMHWQ	1060
AHRJIHB7RXXQJJC7RKYYFCY754FA	1061
AH4BVICWK6VTPL73JVTJKPBKDQKQ	1062
AFI6TBNX2KK7QFVUIMLDG2PC37PA	1063
AEAFXKZ7YPG566WU6ZM33SDBJBLQ	1064
AEN2WH5WYKIJFO57R2KUNDDSJAAQ	1065
AF4GIVSP5XNFHPDX2IOFMUQ3EAIQ	1066
AFD7XZPGWXVH6TEUZ2UIY674MSZA	1067
AEV4UO43YIZXLNB4E64KWRJ3ACXQ	1068
AF6Z2QPSWRR3EA27RE65OGHDAXOQ	1069
AH32QI3WUQ4KN5HTLNWHGWDE7NSA	1070
AHAWY65H7B6J4HGGJGDAOTGZNA5Q	1071
AFKSUM4GUUD6HZSW46J6Q5S4Z4OA	1072
AGAHOB2F6HTESTTKDVZNQRS3KEZA	1073
AGZKLDUDYELPMHACIWTGAYSQHSSA	1074
AF25J7NXSRNKIUUQ3C6TPR7CR7TA	1075
AH27TE6A7PK4ZVCHBYLROTAOMXVQ	1076
AGQNG424KIRGXBA55Y3CY5XQ3BVQ	1077
AE63S652NKXBM36PVEQHSYA4QHLA	1078
AH5L47LEZCCHHU3QUODV7PXCM4LA	1079
AH45LSTW45LKGDWPKW4X7VHHNG2Q	1080
AFXRN37HLL53RSMT2LVWZBDOYVHQ	1081
AFQEYHCV5XVJS7JVBIDVY4LF3YKQ	1082
AHGAM6A2ACHPKSNM4G7X5UOUIPOQ	1083
AEMSU7R3H5UVARR536TE3AKRR6YA	1084
AEC7QNP6ZG7H265GOPXAP6HCYR6A	1085
AFZ54WN7RT3ZYJQV3CPA5AIUTACA	1086
AHE2BYK4A43TMH7I4LJNADRLR6UA	1087
AFZXTFZHKZ4JRBE3O75XM3QWUGVQ	1088
AFCUX2OVM6XNN3S3WM55NU3MZPHQ	1089
AFRO624YEEQV76XHLME77LJZHSJQ	1090
AHAWOLSXY5X3BIQXEDIV3CXJN27A	1091
AFTN4LTHP6BWZ2Z3FYIYYVLPYJ7Q	1092
AEWXZ2FECGY3WO32MH5I7XKZMI7A	1093
AE3LGS2HORNDIVD75DIHRRIAEIEA	1094
AEJKFGYPZFOWWKAMBSDNBLUZ5NEA	1095
AH65J4QJTJGMTAIOUDUUQHCCHZCQ	1096
AGUVC7ASI2PJ5REQFLSTFYB7DK7A	1097
AEI2TWH7BUSHC5YVK4KCCYPPMXZA	1098
AHSYS7DOWAOLGVZ7ENICI4ZNK36Q	1099
AEBWGXGGL3Q5DSTMUQSTVUJDWSMA	1100
AGLIUT3VWAE7UEZHWVHNLDTBOAEQ	1101
AFCFX34G3LQLDXEEBCPWSX5RRYYA	1102
AEC6IZVI2NGFBCIYVD4X5MDGB6DQ_1	1103
AEC6IZVI2NGFBCIYVD4X5MDGB6DQ_2	1104
AEDVTFBR7UP5TDLI3ZROTRSX6I4Q	1105
AHYOSWORVZFXM5QMRIAW3JTTFFIQ	1106
AEMP3A7IKW37CMWFXNKXWW6HGJHA_1	1107
AHBFC446AIQBMLC3U4SV6YJJERPQ	1108
AHGIUQ7XGX4SLTFL4QKU5PLHRALQ	1109
AGFZTQLTA6AJL2C6BFDY6QKXGMQQ	1110
AFA2FCSVPNZZKNB6KWTPXK4XF6FA	1111
AESQ3D5NENZDKGZGS5RNBHE4T43A	1112
AEO2PYOMD4VBHU7ILLWBCUJNC5UA	1113
AG65DXBJZIOGJCKHBHZT3NMXN2FQ	1114
AGGD6CXA3JFPIPECTSBFB43YZQAA	1115
AFBUKVT3KQFLL4X536HS4KKBBJ7Q	1116
AEHTPCFFRZYADDJ6LUHMWN5R2PRA	1117
AHGJNPPESPF6RUTILPC6DSMODUOA	1118
AEAT2QOOIXWFLBQESCVLAVXLK3RQ	1119
AG3CB3QQYNOZ5MLNYZREH7VAB2OQ	1120
AFDYIK3FNPY2JFBQYUWC6GSBMIRQ_1	1121
AFDYIK3FNPY2JFBQYUWC6GSBMIRQ_2	1122
AHOW2XFEXE4DJ5ULYJ5HYDJFFUZQ	1123
AE5IMGWRBJA7JQFBQTBK25HDYGVA	1124
AGI3IFIMV5CDAE4SF7LZR6BCBUTA	1125
AH5T7TJG7NNTQGNC5MNRFRFPIT2Q	1126
AGCJMWJILQTGO65Q2T333AX74UQA	1127
AE7YDA2CNR4UMPCXINIUA5UPNQGQ	1128
AH5T7P2MYDG5HC6DNCUH6KL6PVBQ	1129
AEB7FRW6CDYD5PLD2DR4SETFUCGA	1130
AF2LZSVZTUD6QPEKN32A3JCGA2DQ	1131
AECY5GFGV7OMJYONMEP2XNE4JBHA	1132
AGYC44WZPCJKBPBXOQLYPD5EUKFQ	1133
AFVEDH6Q5TC7HN2NVMMZPJH2HPDA	1134
AF77VVYPGK3NTGOWQ4PGXDA7ZOAA	1135
AH2IYKYOETH3KZ6DZ7SBD7DRHX4Q	1136
AE44XMQ5QIKDJBBSMQOUAXVKOXNA	1137
AEZEHZT465PHVEBETYAR2H5JPGPA	1138
AEZAZT27EFV2Z7YBOJ5TPIN7T3LQ	1139
AEG4HM36PVDBVOJY752SHLLENIYQ	1140
AFFCCYNKNUHEVVTVGJWGYIRGKHVQ	1141
AG4QQGPDZIE3Y3HF3QYWOBWBH2QA	1142
AERMC4LVMTQHFFIOCCMISKOF7L2A	1143
AHF2R43HMV6S2J42LN6NLQTRBLJA	1144
AFMHLCUCTIK3ED5BLTPPMB4YFRFA	1145
AH4TB6XJJKH3WLSX2D56JYJ4Z4ZA	1146
AFKH5JGQRU3U7FWUGDPYDQFRHNJA	1147
AG2V56KGC2Y3VNKPON3W56ZGFOFA	1148
AEFRTLVCVRALKXBED77KHPIXEPWQ	1149
AEVW6WHBO4IGKDNMN3FOQKMAGABQ	1150
AGHNXLQLVIBZ4654EZ7N4N2JSKDA	1151
AGYQ2VYAIX2UQHT252VXWWTUP75A	1152
AH5NVAXZVYYXHQLJITUIHC3APGUA	1153
AEJASEICM46VPW4UGSLZIQIVMJCQ	1154
AGBNDXZPUN3OWN66TYCOMCBBDU5A	1155
AENQDGBDPTVHXDHFGLNFMHIRL55Q	1156
AE5ESL52LWWBJTSFOAXSFZA3XCGQ	1157
AHZ4TADPCXAAIKTFERGG5YB4BNQQ	1158
AH52452NXXPKFMO66MPSF5NFNUHA	1159
AFZSVK7P23M2B7GYUYU7TQIHCGFA_1	1160
AFZSVK7P23M2B7GYUYU7TQIHCGFA_2	1161
AGWC7ARCKTNPXJHLU2GGACUAFWXA	1162
AEK6S3VTX6ILWLZYNGHE2KH3AQUA	1163
AFVOZ4UNUZKEQ7GTQ3IHQY7PZ5FA_1	1164
AEEVXEJYV4A5CPDDHK63IRSDTPOQ	1165
AGS4KJHF5LOOWT2A5TJJFMB24VOA	1166
AGCGQWDEGSGIIT7AZZ7RGY5ZU74Q	1167
AGIGXAVHVBQFXBXMOBNJ6HFY36MA	1168
AEPXJ6OJS6CTQSLIARWD77LD74GQ	1169
AHQN4YVZHLK7J7D6WYG6I3V5OUTQ	1170
AFLOFC2VEB5BPAKOX2YLRARJHCXQ	1171
AGSQN7QVGI3VRJO4LX6F5E63QJIA	1172
AE2O2C43KTYO4LXXGZWJZLE67GBQ	1173
AGYGB42MVBQ4X2XNEX45VHJD7GOA	1174
AHTBRQUI4VI54U4DLN3HUDMGD6VQ	1175
AFNCHMAKUAJOGVCKOA4XGLINHPDQ	1176
AHSV4TYSAX52BIHH7PLZRD44KZHA	1177
AFXP55VFJEJQKMVZNA5EPCDYJM5A	1178
AEVFWS7JFEKHYDZKH4SI5YDSNGJQ_1	1179
AEBD4EQFW4THUDUVAETCYTEDJU6Q	1180
AFJOKSJE3KPYSUXT6TCKRRD4RO2Q	1181
AGEG5UCY42IYI2H4J5X5XNDZPENA	1182
AHK6NZZMLGYC7CJCD377RS5ZO7RA	1183
AHK5OLFYFN5GTBACJ2KYQ5S5PELQ	1184
AGFLDIUYV2PKF5Q7IEMULR52GW2Q	1185
AE52IBHR6PNU5TIQ22NRXGVX3UAA	1186
AEE62OCZYHOUZBWJKRKJQIDC7S3Q	1187
AGFFCGQTNV2DUYSKVMV3QMI7MJXQ	1188
AGJZWPISMR5ZKZ6W3XKSS3HMSMIQ	1189
AGRX7ZI7LBRKIZEEVAJFE56T2UMA	1190
AEYEH4CSE7H36GVZEKZIXG2YS6LA	1191
AEGUMA7C7RCKZZMFDM7SGENNPHEQ	1192
AGJCZ3TS5CHMAP4DVRV2752DQ3NA	1193
AETJVSLQFY2F7D5AZ7H4ONORPQEQ_1	1194
AHQLMS4WC67UM7HOQ5LE4YW562XQ	1195
AEUJ3V5NX2BV33LZZ3KFB2QYLQDA	1196
AGV2YW5B3SCKG6WV422CIITZOGRQ	1197
AHNGXSJ44HVTEJAF4G6XHN4MJA7Q	1198
AHCZPHIPKSBSHMF7WLBPVQSEWM5A	1199
AGROTY3KEQXC7OWGNLDMPTDPJXHA	1200
AGOLV6SEBFG74IVDZ3M6A26X3FAA	1201
AFTUMJDQW4LZKXAPCB64N7R66REQ	1202
AFLKX7ZNVK2DN6LG3EAP6ZNYUFHA	1203
AGPUFLWE6HR5PSJAQHVH5VWRHAOA	1204
AF4XCHGF2AJ4S2MV22Y7KOUJFZPQ	1205
AGQ3WJGC66XZL3I52ETMA2Z66NVA	1206
AF7N64YSCYUJ4PMFFF4KXI4AD4FA	1207
AH7CJDZH6XWESDB56ZJ5VIDYJRQQ	1208
AFF6DS6NOWRIF2AROFASUVVOPYLA	1209
AFLGJMNYVAAQKGCL7IBP3YSK7Z2Q	1210
AE6I5KFJ2EJNRBBV7NWURRU2X6UQ_1	1211
AETMMFA57D47GC2J3TFXHF7ZEEHQ	1212
AHCRCBG3L7SZB5GU4VMFUFEJH5TQ	1213
AHZJXRSEQSJ5TKYWWINKEORIBYSA	1214
AHAMPNC4WS52MNJCUNEBYIMRZQKQ	1215
AEOJWMWHWXTDHZ2X6TLFNHCOEH4Q	1216
AFY4DT5VFF3XUFELEKNGEZANLC3A	1217
AGGFN2QUZBX2L6QZAJJM4AEX5TAA	1218
AEUWN5WRG6JX7YCQZEZNJDCHK4UQ	1219
AFUWF5DARSSBPDLHSY67Q3LCI54Q	1220
AFRMOOG7VG4WSGTOQCQMGLIGC5LA_1	1221
AEOTWG667CGEIHYH33COIX53Y25Q	1222
AHT556AWAYQIXS3RB57QNRQLBARQ	1223
AGQMAOHZFQX3JMJIEND3IFN65L5Q	1224
AH2PMHUULVEBLWWUMODF6FAHBYGQ	1225
AEFYF56BCJZRDXVWS67A6NVVYKUQ	1226
AFC5MFTGAM4N2SK3QGBSMPC6ICQA	1227
AESXPFPYKPBWD4SLCAZRXX22GEZA	1228
AG3GNAR2UUSULB7UIVK6M6VT73BA	1229
AE7ORM7AKFHTVW6GYY66E4MEAIVA	1230
AESH4UBOA6VWZ36CIYMP4JVYPOLA	1231
AEIIRIHLIYKQGI7ZOCIJTRDF5NPQ_2_2_2_1	1232
AEJE3IIDZTTU3P36LWRHKGROEVIA	1233
AHNDRGDP4AR4B7GKGU3SEJP2YCUA	1234
AG4D4BZAETIVJNMIUYMW6C4YGRUQ_1	1235
AE2WYNQPBMS67OHFWV63NI4MSJEA	1236
AGTQOBCMPQJSDPCPVQSRF7IMJLFA	1237
AHS5N7UAFIP4QSU3CSUBSE33XEGA	1238
AFZ6AFS7QH2XQJ5YVAIAIIQOMJYQ	1239
AESI2BA4YODTHOSRFLJCSTAM6XDQ	1240
AHFQ3UC3YRENY7VDFWYVGPXIH63A	1241
AHGVHBZZ3SJIXLAZYKE3BUXRBW6Q	1242
AEOKSXVIDDHG74L4BCTAJV6KQ2CA	1243
AEWUD2FSP4GZ7OVEFJVRSY2SANYQ	1244
AEFLPDUIRUQ2YVMAZAVFERKPZHOQ	1245
AF6BZODQJP6G5MGQC26MJZVFJNGA	1246
AGIM42KPSDV45YHVHJTW4JUDBWWQ	1247
AFKZESU3PTCQ2UVDBDSFVFTXBFNQ_2	1248
AGPLCFNIP2E45MAN36IWJFPVUINQ	1249
AHERS5ISMLREKL7STKWOFEDCRXSQ	1250
AELKCXB7UOQZNLJ6K2QMV76BLR5Q	1251
AGFKPBBOMFR2F74LSGPH4LUISN6Q	1252
AHETZ5R4GP5TO5ERMSV5IRXZBIFQ	1253
AEZVBJDH3OYFDLFDVPIFHZQUAJEQ	1254
AF6L3JHIIWLARAGWHFRBHGLJIXPA	1255
AHZGQXTGR3WB6CQR3PP2TB2YPTUA_1	1256
AG3GU5MHHM662AATYNDWYOKOZP7A	1257
AGWP5SUKOM7MA55NKIYI7RR2OMPQ	1258
AECLBRUX5OXR6JUHAHCC2XW4IIMA	1259
AF74NKETE4HBXNUQVQP7I6UUUFFA	1260
AEVNIDU5KM56QRM6EDHLA7JZTVHQ	1261
AFVJRHKZMJFPSOAGL3JZNRJSMBQA	1262
AG4DVMJZG4O3HHT7FQJMR3SJLERA	1263
AET7TG3WZZ2ZPSB3ZIVJ55MC7AXQ	1264
AGNEYGHRA2MM5MUN6WCZRXDSNJZA	1265
